image_names,image_descriptions
1_(776).JPG,
1.23.meeting.png,
60168596269__E3C19135-8024-49B4-B2CF-ADAA240BB5D2_.JPEG,
ASCEASU_Men_Sprints.JPG,
canoe_112.JPG,
DSC_0303.JPG,
DSC_0319_.JPG,
DSC_0364.JPG,
DSC_0408.JPG,
DSC_0447_.JPG,
DSC_0620.JPG,
DSC_0642.JPG,
DSC_0668.JPG,
Group_Picture_.jpg,
Hauling_the_Canoe.JPG,
IMG_1100.JPG,
IMG_2087.JPG,
IMG_2513_.JPG,
IMG_2514_.JPG,
IMG_2766.JPG,
IMG_2787.jpeg,
IMG_2809.jpeg,
IMG_2821.jpeg,
IMG_2847.jpeg,
IMG_3305.JPG,
IMG_3351.JPG,
IMG_6819.JPG,
IMG_6852_.JPG,
IMG_6865.JPG,
IMG_8212_.JPEG,
IMG_8447_.JPEG,
IMG_9284.jpg,
IMG_9571.JPG,
IMG3340740707076814742.jpg,
L1110745.JPG,
L1110798.JPG,
L1110809.JPG,
L1110814.JPG,
L1110862.JPG,
L1120242.JPG,